triangle_index,vertex_ids,vertex_labels
0,"4,141,172","CAF,CAF,CAF"
1,"4,172,141","CAF,CAF,CAF"
2,"4,172,221","CAF,CAF,CAF"
3,"4,221,172","CAF,CAF,CAF"
4,"32,240,243","CAF,CAF,CAF"
5,"32,240,250","CAF,CAF,CAF"
6,"32,243,240","CAF,CAF,CAF"
7,"32,243,248","CAF,CAF,CAF"
8,"32,248,243","CAF,CAF,CAF"
9,"32,250,240","CAF,CAF,CAF"
10,"38,250,274","CAF,CAF,CAF"
11,"38,274,250","CAF,CAF,CAF"
12,"38,274,283","CAF,CAF,CAF"
13,"38,283,274","CAF,CAF,CAF"
14,"38,283,301","CAF,CAF,CAF"
15,"38,301,283","CAF,CAF,CAF"
16,"63,81,317","CAF,CAF,CAF"
17,"63,317,81","CAF,CAF,CAF"
18,"68,377,386","CAF,CAF,CAF"
19,"68,386,377","CAF,CAF,CAF"
20,"68,386,394","CAF,CAF,CAF"
21,"68,394,386","CAF,CAF,CAF"
22,"70,72,372","CAF,CAF,CAF"
23,"70,346,372","CAF,CAF,CAF"
24,"70,372,72","CAF,CAF,CAF"
25,"70,372,346","CAF,CAF,CAF"
26,"72,70,372","CAF,CAF,CAF"
27,"72,372,70","CAF,CAF,CAF"
28,"72,372,399","CAF,CAF,CAF"
29,"72,399,372","CAF,CAF,CAF"
30,"76,78,399","CAF,CAF,CAF"
31,"76,362,372","CAF,CAF,CAF"
32,"76,362,381","CAF,CAF,CAF"
33,"76,372,362","CAF,CAF,CAF"
34,"76,372,399","CAF,CAF,CAF"
35,"76,381,362","CAF,CAF,CAF"
36,"76,399,78","CAF,CAF,CAF"
37,"76,399,372","CAF,CAF,CAF"
38,"78,76,399","CAF,CAF,CAF"
39,"78,399,76","CAF,CAF,CAF"
40,"81,63,317","CAF,CAF,CAF"
41,"81,317,63","CAF,CAF,CAF"
42,"81,418,455","CAF,CAF,CAF"
43,"81,454,455","CAF,CAF,CAF"
44,"81,455,418","CAF,CAF,CAF"
45,"81,455,454","CAF,CAF,CAF"
46,"96,436,437","CAF,CAF,CAF"
47,"96,437,436","CAF,CAF,CAF"
48,"96,437,440","CAF,CAF,CAF"
49,"96,440,437","CAF,CAF,CAF"
50,"115,470,480","CAF,CAF,CAF"
51,"115,470,496","CAF,CAF,CAF"
52,"115,480,470","CAF,CAF,CAF"
53,"115,480,491","CAF,CAF,CAF"
54,"115,491,480","CAF,CAF,CAF"
55,"115,496,470","CAF,CAF,CAF"
56,"115,496,503","CAF,CAF,CAF"
57,"115,503,496","CAF,CAF,CAF"
58,"115,503,513","CAF,CAF,CAF"
59,"115,513,503","CAF,CAF,CAF"
60,"141,4,172","CAF,CAF,CAF"
61,"141,142,145","CAF,CAF,CAF"
62,"141,145,142","CAF,CAF,CAF"
63,"141,148,172","CAF,CAF,CAF"
64,"141,172,4","CAF,CAF,CAF"
65,"141,172,148","CAF,CAF,CAF"
66,"142,141,145","CAF,CAF,CAF"
67,"142,143,145","CAF,CAF,CAF"
68,"142,143,146","CAF,CAF,CAF"
69,"142,145,141","CAF,CAF,CAF"
70,"142,145,143","CAF,CAF,CAF"
71,"142,146,143","CAF,CAF,CAF"
72,"143,142,145","CAF,CAF,CAF"
73,"143,142,146","CAF,CAF,CAF"
74,"143,145,142","CAF,CAF,CAF"
75,"143,146,142","CAF,CAF,CAF"
76,"145,141,142","CAF,CAF,CAF"
77,"145,142,141","CAF,CAF,CAF"
78,"145,142,143","CAF,CAF,CAF"
79,"145,143,142","CAF,CAF,CAF"
80,"146,142,143","CAF,CAF,CAF"
81,"146,143,142","CAF,CAF,CAF"
82,"148,141,172","CAF,CAF,CAF"
83,"148,172,141","CAF,CAF,CAF"
84,"172,4,141","CAF,CAF,CAF"
85,"172,4,221","CAF,CAF,CAF"
86,"172,141,4","CAF,CAF,CAF"
87,"172,141,148","CAF,CAF,CAF"
88,"172,148,141","CAF,CAF,CAF"
89,"172,221,4","CAF,CAF,CAF"
90,"174,184,189","CAF,CAF,CAF"
91,"174,189,184","CAF,CAF,CAF"
92,"184,174,189","CAF,CAF,CAF"
93,"184,189,174","CAF,CAF,CAF"
94,"189,174,184","CAF,CAF,CAF"
95,"189,184,174","CAF,CAF,CAF"
96,"197,203,204","CAF,CAF,CAF"
97,"197,203,205","CAF,CAF,CAF"
98,"197,204,203","CAF,CAF,CAF"
99,"197,205,203","CAF,CAF,CAF"
100,"197,205,209","CAF,CAF,CAF"
101,"197,209,205","CAF,CAF,CAF"
102,"202,204,225","CAF,CAF,CAF"
103,"202,225,204","CAF,CAF,CAF"
104,"203,197,204","CAF,CAF,CAF"
105,"203,197,205","CAF,CAF,CAF"
106,"203,204,197","CAF,CAF,CAF"
107,"203,204,224","CAF,CAF,CAF"
108,"203,205,197","CAF,CAF,CAF"
109,"203,205,222","CAF,CAF,CAF"
110,"203,222,205","CAF,CAF,CAF"
111,"203,222,224","CAF,CAF,CAF"
112,"203,224,204","CAF,CAF,CAF"
113,"203,224,222","CAF,CAF,CAF"
114,"204,197,203","CAF,CAF,CAF"
115,"204,202,225","CAF,CAF,CAF"
116,"204,203,197","CAF,CAF,CAF"
117,"204,203,224","CAF,CAF,CAF"
118,"204,224,203","CAF,CAF,CAF"
119,"204,224,225","CAF,CAF,CAF"
120,"204,225,202","CAF,CAF,CAF"
121,"204,225,224","CAF,CAF,CAF"
122,"205,197,203","CAF,CAF,CAF"
123,"205,197,209","CAF,CAF,CAF"
124,"205,203,197","CAF,CAF,CAF"
125,"205,203,222","CAF,CAF,CAF"
126,"205,209,197","CAF,CAF,CAF"
127,"205,209,222","CAF,CAF,CAF"
128,"205,222,203","CAF,CAF,CAF"
129,"205,222,209","CAF,CAF,CAF"
130,"209,197,205","CAF,CAF,CAF"
131,"209,205,197","CAF,CAF,CAF"
132,"209,205,222","CAF,CAF,CAF"
133,"209,222,205","CAF,CAF,CAF"
134,"213,221,230","CAF,CAF,CAF"
135,"213,230,221","CAF,CAF,CAF"
136,"216,239,250","CAF,CAF,CAF"
137,"216,240,250","CAF,CAF,CAF"
138,"216,250,239","CAF,CAF,CAF"
139,"216,250,240","CAF,CAF,CAF"
140,"221,4,172","CAF,CAF,CAF"
141,"221,172,4","CAF,CAF,CAF"
142,"221,213,230","CAF,CAF,CAF"
143,"221,230,213","CAF,CAF,CAF"
144,"222,203,205","CAF,CAF,CAF"
145,"222,203,224","CAF,CAF,CAF"
146,"222,205,203","CAF,CAF,CAF"
147,"222,205,209","CAF,CAF,CAF"
148,"222,209,205","CAF,CAF,CAF"
149,"222,224,203","CAF,CAF,CAF"
150,"224,203,204","CAF,CAF,CAF"
151,"224,203,222","CAF,CAF,CAF"
152,"224,204,203","CAF,CAF,CAF"
153,"224,204,225","CAF,CAF,CAF"
154,"224,222,203","CAF,CAF,CAF"
155,"224,225,204","CAF,CAF,CAF"
156,"225,202,204","CAF,CAF,CAF"
157,"225,204,202","CAF,CAF,CAF"
158,"225,204,224","CAF,CAF,CAF"
159,"225,224,204","CAF,CAF,CAF"
160,"227,232,244","CAF,CAF,CAF"
161,"227,244,232","CAF,CAF,CAF"
162,"230,213,221","CAF,CAF,CAF"
163,"230,221,213","CAF,CAF,CAF"
164,"230,253,260","CAF,CAF,CAF"
165,"230,260,253","CAF,CAF,CAF"
166,"232,227,244","CAF,CAF,CAF"
167,"232,244,227","CAF,CAF,CAF"
168,"238,242,265","CAF,CAF,CAF"
169,"238,244,256","CAF,CAF,CAF"
170,"238,256,244","CAF,CAF,CAF"
171,"238,256,265","CAF,CAF,CAF"
172,"238,265,242","CAF,CAF,CAF"
173,"238,265,256","CAF,CAF,CAF"
174,"239,216,250","CAF,CAF,CAF"
175,"239,250,216","CAF,CAF,CAF"
176,"239,250,261","CAF,CAF,CAF"
177,"239,261,250","CAF,CAF,CAF"
178,"240,32,243","CAF,CAF,CAF"
179,"240,32,250","CAF,CAF,CAF"
180,"240,216,250","CAF,CAF,CAF"
181,"240,243,32","CAF,CAF,CAF"
182,"240,250,32","CAF,CAF,CAF"
183,"240,250,216","CAF,CAF,CAF"
184,"242,238,265","CAF,CAF,CAF"
185,"242,265,238","CAF,CAF,CAF"
186,"242,265,271","CAF,CAF,CAF"
187,"242,271,265","CAF,CAF,CAF"
188,"243,32,240","CAF,CAF,CAF"
189,"243,32,248","CAF,CAF,CAF"
190,"243,240,32","CAF,CAF,CAF"
191,"243,248,32","CAF,CAF,CAF"
192,"244,227,232","CAF,CAF,CAF"
193,"244,232,227","CAF,CAF,CAF"
194,"244,238,256","CAF,CAF,CAF"
195,"244,256,238","CAF,CAF,CAF"
196,"247,264,273","CAF,CAF,CAF"
197,"247,273,264","CAF,CAF,CAF"
198,"248,32,243","CAF,CAF,CAF"
199,"248,243,32","CAF,CAF,CAF"
200,"250,32,240","CAF,CAF,CAF"
201,"250,38,274","CAF,CAF,CAF"
202,"250,216,239","CAF,CAF,CAF"
203,"250,216,240","CAF,CAF,CAF"
204,"250,239,216","CAF,CAF,CAF"
205,"250,239,261","CAF,CAF,CAF"
206,"250,240,32","CAF,CAF,CAF"
207,"250,240,216","CAF,CAF,CAF"
208,"250,261,239","CAF,CAF,CAF"
209,"250,274,38","CAF,CAF,CAF"
210,"253,230,260","CAF,CAF,CAF"
211,"253,260,230","CAF,CAF,CAF"
212,"256,238,244","CAF,CAF,CAF"
213,"256,238,265","CAF,CAF,CAF"
214,"256,244,238","CAF,CAF,CAF"
215,"256,265,238","CAF,CAF,CAF"
216,"260,230,253","CAF,CAF,CAF"
217,"260,253,230","CAF,CAF,CAF"
218,"261,239,250","CAF,CAF,CAF"
219,"261,250,239","CAF,CAF,CAF"
220,"261,277,317","CAF,CAF,CAF"
221,"261,317,277","CAF,CAF,CAF"
222,"262,268,276","CAF,CAF,CAF"
223,"262,276,268","CAF,CAF,CAF"
224,"264,247,273","CAF,CAF,CAF"
225,"264,273,247","CAF,CAF,CAF"
226,"265,238,242","CAF,CAF,CAF"
227,"265,238,256","CAF,CAF,CAF"
228,"265,242,238","CAF,CAF,CAF"
229,"265,242,271","CAF,CAF,CAF"
230,"265,256,238","CAF,CAF,CAF"
231,"265,271,242","CAF,CAF,CAF"
232,"265,271,287","CAF,CAF,CAF"
233,"265,287,271","CAF,CAF,CAF"
234,"265,287,296","CAF,CAF,CAF"
235,"265,296,287","CAF,CAF,CAF"
236,"268,262,276","CAF,CAF,CAF"
237,"268,276,262","CAF,CAF,CAF"
238,"271,242,265","CAF,CAF,CAF"
239,"271,265,242","CAF,CAF,CAF"
240,"271,265,287","CAF,CAF,CAF"
241,"271,287,265","CAF,CAF,CAF"
242,"271,287,291","CAF,CAF,CAF"
243,"271,291,287","CAF,CAF,CAF"
244,"273,247,264","CAF,CAF,CAF"
245,"273,264,247","CAF,CAF,CAF"
246,"273,293,313","CAF,CAF,CAF"
247,"273,313,293","CAF,CAF,CAF"
248,"274,38,250","CAF,CAF,CAF"
249,"274,38,283","CAF,CAF,CAF"
250,"274,250,38","CAF,CAF,CAF"
251,"274,283,38","CAF,CAF,CAF"
252,"276,262,268","CAF,CAF,CAF"
253,"276,268,262","CAF,CAF,CAF"
254,"276,293,304","CAF,CAF,CAF"
255,"276,299,304","CAF,CAF,CAF"
256,"276,304,293","CAF,CAF,CAF"
257,"276,304,299","CAF,CAF,CAF"
258,"277,261,317","CAF,CAF,CAF"
259,"277,317,261","CAF,CAF,CAF"
260,"283,38,274","CAF,CAF,CAF"
261,"283,38,301","CAF,CAF,CAF"
262,"283,274,38","CAF,CAF,CAF"
263,"283,301,38","CAF,CAF,CAF"
264,"283,301,305","CAF,CAF,CAF"
265,"283,305,301","CAF,CAF,CAF"
266,"287,265,271","CAF,CAF,CAF"
267,"287,265,296","CAF,CAF,CAF"
268,"287,271,265","CAF,CAF,CAF"
269,"287,271,291","CAF,CAF,CAF"
270,"287,291,271","CAF,CAF,CAF"
271,"287,291,294","CAF,CAF,CAF"
272,"287,294,291","CAF,CAF,CAF"
273,"287,294,296","CAF,CAF,CAF"
274,"287,296,265","CAF,CAF,CAF"
275,"287,296,294","CAF,CAF,CAF"
276,"291,271,287","CAF,CAF,CAF"
277,"291,287,271","CAF,CAF,CAF"
278,"291,287,294","CAF,CAF,CAF"
279,"291,294,287","CAF,CAF,CAF"
280,"293,273,313","CAF,CAF,CAF"
281,"293,276,304","CAF,CAF,CAF"
282,"293,304,276","CAF,CAF,CAF"
283,"293,313,273","CAF,CAF,CAF"
284,"294,287,291","CAF,CAF,CAF"
285,"294,287,296","CAF,CAF,CAF"
286,"294,291,287","CAF,CAF,CAF"
287,"294,296,287","CAF,CAF,CAF"
288,"296,265,287","CAF,CAF,CAF"
289,"296,287,265","CAF,CAF,CAF"
290,"296,287,294","CAF,CAF,CAF"
291,"296,294,287","CAF,CAF,CAF"
292,"299,276,304","CAF,CAF,CAF"
293,"299,304,276","CAF,CAF,CAF"
294,"301,38,283","CAF,CAF,CAF"
295,"301,283,38","CAF,CAF,CAF"
296,"301,283,305","CAF,CAF,CAF"
297,"301,305,283","CAF,CAF,CAF"
298,"301,305,353","CAF,CAF,CAF"
299,"301,353,305","CAF,CAF,CAF"
300,"304,276,293","CAF,CAF,CAF"
301,"304,276,299","CAF,CAF,CAF"
302,"304,293,276","CAF,CAF,CAF"
303,"304,299,276","CAF,CAF,CAF"
304,"305,283,301","CAF,CAF,CAF"
305,"305,301,283","CAF,CAF,CAF"
306,"305,301,353","CAF,CAF,CAF"
307,"305,353,301","CAF,CAF,CAF"
308,"313,273,293","CAF,CAF,CAF"
309,"313,293,273","CAF,CAF,CAF"
310,"317,63,81","CAF,CAF,CAF"
311,"317,81,63","CAF,CAF,CAF"
312,"317,261,277","CAF,CAF,CAF"
313,"317,277,261","CAF,CAF,CAF"
314,"330,340,349","CAF,CAF,CAF"
315,"330,349,340","CAF,CAF,CAF"
316,"340,330,349","CAF,CAF,CAF"
317,"340,342,349","CAF,CAF,CAF"
318,"340,349,330","CAF,CAF,CAF"
319,"340,349,342","CAF,CAF,CAF"
320,"342,340,349","CAF,CAF,CAF"
321,"342,349,340","CAF,CAF,CAF"
322,"346,70,372","CAF,CAF,CAF"
323,"346,359,372","CAF,CAF,CAF"
324,"346,372,70","CAF,CAF,CAF"
325,"346,372,359","CAF,CAF,CAF"
326,"349,330,340","CAF,CAF,CAF"
327,"349,340,330","CAF,CAF,CAF"
328,"349,340,342","CAF,CAF,CAF"
329,"349,342,340","CAF,CAF,CAF"
330,"351,360,375","CAF,CAF,CAF"
331,"351,375,360","CAF,CAF,CAF"
332,"353,301,305","CAF,CAF,CAF"
333,"353,305,301","CAF,CAF,CAF"
334,"359,346,372","CAF,CAF,CAF"
335,"359,362,372","CAF,CAF,CAF"
336,"359,372,346","CAF,CAF,CAF"
337,"359,372,362","CAF,CAF,CAF"
338,"360,351,375","CAF,CAF,CAF"
339,"360,375,351","CAF,CAF,CAF"
340,"360,375,382","CAF,CAF,CAF"
341,"360,382,375","CAF,CAF,CAF"
342,"362,76,372","CAF,CAF,CAF"
343,"362,76,381","CAF,CAF,CAF"
344,"362,359,372","CAF,CAF,CAF"
345,"362,372,76","CAF,CAF,CAF"
346,"362,372,359","CAF,CAF,CAF"
347,"362,381,76","CAF,CAF,CAF"
348,"363,365,373","CAF,CAF,CAF"
349,"363,373,365","CAF,CAF,CAF"
350,"363,373,377","CAF,CAF,CAF"
351,"363,377,373","CAF,CAF,CAF"
352,"365,363,373","CAF,CAF,CAF"
353,"365,373,363","CAF,CAF,CAF"
354,"372,70,72","CAF,CAF,CAF"
355,"372,70,346","CAF,CAF,CAF"
356,"372,72,70","CAF,CAF,CAF"
357,"372,72,399","CAF,CAF,CAF"
358,"372,76,362","CAF,CAF,CAF"
359,"372,76,399","CAF,CAF,CAF"
360,"372,346,70","CAF,CAF,CAF"
361,"372,346,359","CAF,CAF,CAF"
362,"372,359,346","CAF,CAF,CAF"
363,"372,359,362","CAF,CAF,CAF"
364,"372,362,76","CAF,CAF,CAF"
365,"372,362,359","CAF,CAF,CAF"
366,"372,399,72","CAF,CAF,CAF"
367,"372,399,76","CAF,CAF,CAF"
368,"373,363,365","CAF,CAF,CAF"
369,"373,363,377","CAF,CAF,CAF"
370,"373,365,363","CAF,CAF,CAF"
371,"373,377,363","CAF,CAF,CAF"
372,"373,377,398","CAF,CAF,CAF"
373,"373,392,398","CAF,CAF,CAF"
374,"373,398,377","CAF,CAF,CAF"
375,"373,398,392","CAF,CAF,CAF"
376,"375,351,360","CAF,CAF,CAF"
377,"375,360,351","CAF,CAF,CAF"
378,"375,360,382","CAF,CAF,CAF"
379,"375,382,360","CAF,CAF,CAF"
380,"375,382,395","CAF,CAF,CAF"
381,"375,395,382","CAF,CAF,CAF"
382,"377,68,386","CAF,CAF,CAF"
383,"377,363,373","CAF,CAF,CAF"
384,"377,373,363","CAF,CAF,CAF"
385,"377,373,398","CAF,CAF,CAF"
386,"377,386,68","CAF,CAF,CAF"
387,"377,386,397","CAF,CAF,CAF"
388,"377,397,386","CAF,CAF,CAF"
389,"377,397,398","CAF,CAF,CAF"
390,"377,398,373","CAF,CAF,CAF"
391,"377,398,397","CAF,CAF,CAF"
392,"381,76,362","CAF,CAF,CAF"
393,"381,362,76","CAF,CAF,CAF"
394,"382,360,375","CAF,CAF,CAF"
395,"382,375,360","CAF,CAF,CAF"
396,"382,375,395","CAF,CAF,CAF"
397,"382,391,395","CAF,CAF,CAF"
398,"382,395,375","CAF,CAF,CAF"
399,"382,395,391","CAF,CAF,CAF"
400,"383,394,412","CAF,CAF,CAF"
401,"383,412,394","CAF,CAF,CAF"
402,"383,412,414","CAF,CAF,CAF"
403,"383,414,412","CAF,CAF,CAF"
404,"386,68,377","CAF,CAF,CAF"
405,"386,68,394","CAF,CAF,CAF"
406,"386,377,68","CAF,CAF,CAF"
407,"386,377,397","CAF,CAF,CAF"
408,"386,394,68","CAF,CAF,CAF"
409,"386,394,405","CAF,CAF,CAF"
410,"386,397,377","CAF,CAF,CAF"
411,"386,397,405","CAF,CAF,CAF"
412,"386,405,394","CAF,CAF,CAF"
413,"386,405,397","CAF,CAF,CAF"
414,"391,382,395","CAF,CAF,CAF"
415,"391,395,382","CAF,CAF,CAF"
416,"391,395,411","CAF,CAF,CAF"
417,"391,411,395","CAF,CAF,CAF"
418,"391,411,431","CAF,CAF,CAF"
419,"391,431,411","CAF,CAF,CAF"
420,"392,373,398","CAF,CAF,CAF"
421,"392,398,373","CAF,CAF,CAF"
422,"394,68,386","CAF,CAF,CAF"
423,"394,383,412","CAF,CAF,CAF"
424,"394,386,68","CAF,CAF,CAF"
425,"394,386,405","CAF,CAF,CAF"
426,"394,405,386","CAF,CAF,CAF"
427,"394,405,412","CAF,CAF,CAF"
428,"394,412,383","CAF,CAF,CAF"
429,"394,412,405","CAF,CAF,CAF"
430,"395,375,382","CAF,CAF,CAF"
431,"395,382,375","CAF,CAF,CAF"
432,"395,382,391","CAF,CAF,CAF"
433,"395,391,382","CAF,CAF,CAF"
434,"395,391,411","CAF,CAF,CAF"
435,"395,411,391","CAF,CAF,CAF"
436,"397,377,386","CAF,CAF,CAF"
437,"397,377,398","CAF,CAF,CAF"
438,"397,386,377","CAF,CAF,CAF"
439,"397,386,405","CAF,CAF,CAF"
440,"397,398,377","CAF,CAF,CAF"
441,"397,398,410","CAF,CAF,CAF"
442,"397,405,386","CAF,CAF,CAF"
443,"397,405,408","CAF,CAF,CAF"
444,"397,408,405","CAF,CAF,CAF"
445,"397,408,410","CAF,CAF,CAF"
446,"397,410,398","CAF,CAF,CAF"
447,"397,410,408","CAF,CAF,CAF"
448,"398,373,377","CAF,CAF,CAF"
449,"398,373,392","CAF,CAF,CAF"
450,"398,377,373","CAF,CAF,CAF"
451,"398,377,397","CAF,CAF,CAF"
452,"398,392,373","CAF,CAF,CAF"
453,"398,397,377","CAF,CAF,CAF"
454,"398,397,410","CAF,CAF,CAF"
455,"398,410,397","CAF,CAF,CAF"
456,"399,72,372","CAF,CAF,CAF"
457,"399,76,78","CAF,CAF,CAF"
458,"399,76,372","CAF,CAF,CAF"
459,"399,78,76","CAF,CAF,CAF"
460,"399,372,72","CAF,CAF,CAF"
461,"399,372,76","CAF,CAF,CAF"
462,"399,429,432","CAF,CAF,CAF"
463,"399,432,429","CAF,CAF,CAF"
464,"405,386,394","CAF,CAF,CAF"
465,"405,386,397","CAF,CAF,CAF"
466,"405,394,386","CAF,CAF,CAF"
467,"405,394,412","CAF,CAF,CAF"
468,"405,397,386","CAF,CAF,CAF"
469,"405,397,408","CAF,CAF,CAF"
470,"405,408,397","CAF,CAF,CAF"
471,"405,408,412","CAF,CAF,CAF"
472,"405,412,394","CAF,CAF,CAF"
473,"405,412,408","CAF,CAF,CAF"
474,"408,397,405","CAF,CAF,CAF"
475,"408,397,410","CAF,CAF,CAF"
476,"408,405,397","CAF,CAF,CAF"
477,"408,405,412","CAF,CAF,CAF"
478,"408,410,397","CAF,CAF,CAF"
479,"408,410,426","CAF,CAF,CAF"
480,"408,412,405","CAF,CAF,CAF"
481,"408,412,426","CAF,CAF,CAF"
482,"408,426,410","CAF,CAF,CAF"
483,"408,426,412","CAF,CAF,CAF"
484,"410,397,398","CAF,CAF,CAF"
485,"410,397,408","CAF,CAF,CAF"
486,"410,398,397","CAF,CAF,CAF"
487,"410,408,397","CAF,CAF,CAF"
488,"410,408,426","CAF,CAF,CAF"
489,"410,426,408","CAF,CAF,CAF"
490,"411,391,395","CAF,CAF,CAF"
491,"411,391,431","CAF,CAF,CAF"
492,"411,395,391","CAF,CAF,CAF"
493,"411,431,391","CAF,CAF,CAF"
494,"412,383,394","CAF,CAF,CAF"
495,"412,383,414","CAF,CAF,CAF"
496,"412,394,383","CAF,CAF,CAF"
497,"412,394,405","CAF,CAF,CAF"
498,"412,405,394","CAF,CAF,CAF"
499,"412,405,408","CAF,CAF,CAF"
500,"412,408,405","CAF,CAF,CAF"
501,"412,408,426","CAF,CAF,CAF"
502,"412,414,383","CAF,CAF,CAF"
503,"412,426,408","CAF,CAF,CAF"
504,"414,383,412","CAF,CAF,CAF"
505,"414,412,383","CAF,CAF,CAF"
506,"418,81,455","CAF,CAF,CAF"
507,"418,455,81","CAF,CAF,CAF"
508,"421,429,438","CAF,CAF,CAF"
509,"421,438,429","CAF,CAF,CAF"
510,"426,408,410","CAF,CAF,CAF"
511,"426,408,412","CAF,CAF,CAF"
512,"426,410,408","CAF,CAF,CAF"
513,"426,412,408","CAF,CAF,CAF"
514,"429,399,432","CAF,CAF,CAF"
515,"429,421,438","CAF,CAF,CAF"
516,"429,432,399","CAF,CAF,CAF"
517,"429,438,421","CAF,CAF,CAF"
518,"431,391,411","CAF,CAF,CAF"
519,"431,411,391","CAF,CAF,CAF"
520,"431,454,490","CAF,CAF,CAF"
521,"431,490,454","CAF,CAF,CAF"
522,"432,399,429","CAF,CAF,CAF"
523,"432,429,399","CAF,CAF,CAF"
524,"433,436,437","CAF,CAF,CAF"
525,"433,437,436","CAF,CAF,CAF"
526,"436,96,437","CAF,CAF,CAF"
527,"436,433,437","CAF,CAF,CAF"
528,"436,437,96","CAF,CAF,CAF"
529,"436,437,433","CAF,CAF,CAF"
530,"437,96,436","CAF,CAF,CAF"
531,"437,96,440","CAF,CAF,CAF"
532,"437,433,436","CAF,CAF,CAF"
533,"437,436,96","CAF,CAF,CAF"
534,"437,436,433","CAF,CAF,CAF"
535,"437,440,96","CAF,CAF,CAF"
536,"438,421,429","CAF,CAF,CAF"
537,"438,429,421","CAF,CAF,CAF"
538,"440,96,437","CAF,CAF,CAF"
539,"440,437,96","CAF,CAF,CAF"
540,"451,470,480","CAF,CAF,CAF"
541,"451,480,470","CAF,CAF,CAF"
542,"454,81,455","CAF,CAF,CAF"
543,"454,431,490","CAF,CAF,CAF"
544,"454,455,81","CAF,CAF,CAF"
545,"454,455,481","CAF,CAF,CAF"
546,"454,481,455","CAF,CAF,CAF"
547,"454,481,490","CAF,CAF,CAF"
548,"454,490,431","CAF,CAF,CAF"
549,"454,490,481","CAF,CAF,CAF"
550,"455,81,418","CAF,CAF,CAF"
551,"455,81,454","CAF,CAF,CAF"
552,"455,418,81","CAF,CAF,CAF"
553,"455,454,81","CAF,CAF,CAF"
554,"455,454,481","CAF,CAF,CAF"
555,"455,481,454","CAF,CAF,CAF"
556,"455,481,486","CAF,CAF,CAF"
557,"455,486,481","CAF,CAF,CAF"
558,"457,470,484","CAF,CAF,CAF"
559,"457,472,484","CAF,CAF,CAF"
560,"457,484,470","CAF,CAF,CAF"
561,"457,484,472","CAF,CAF,CAF"
562,"470,115,480","CAF,CAF,CAF"
563,"470,115,496","CAF,CAF,CAF"
564,"470,451,480","CAF,CAF,CAF"
565,"470,457,484","CAF,CAF,CAF"
566,"470,480,115","CAF,CAF,CAF"
567,"470,480,451","CAF,CAF,CAF"
568,"470,484,457","CAF,CAF,CAF"
569,"470,484,496","CAF,CAF,CAF"
570,"470,496,115","CAF,CAF,CAF"
571,"470,496,484","CAF,CAF,CAF"
572,"472,457,484","CAF,CAF,CAF"
573,"472,484,457","CAF,CAF,CAF"
574,"472,484,490","CAF,CAF,CAF"
575,"472,490,484","CAF,CAF,CAF"
576,"480,115,470","CAF,CAF,CAF"
577,"480,115,491","CAF,CAF,CAF"
578,"480,451,470","CAF,CAF,CAF"
579,"480,470,115","CAF,CAF,CAF"
580,"480,470,451","CAF,CAF,CAF"
581,"480,491,115","CAF,CAF,CAF"
582,"481,454,455","CAF,CAF,CAF"
583,"481,454,490","CAF,CAF,CAF"
584,"481,455,454","CAF,CAF,CAF"
585,"481,455,486","CAF,CAF,CAF"
586,"481,486,455","CAF,CAF,CAF"
587,"481,486,562","CAF,CAF,CAF"
588,"481,490,454","CAF,CAF,CAF"
589,"481,559,562","CAF,CAF,CAF"
590,"481,562,486","CAF,CAF,CAF"
591,"481,562,559","CAF,CAF,CAF"
592,"484,457,470","CAF,CAF,CAF"
593,"484,457,472","CAF,CAF,CAF"
594,"484,470,457","CAF,CAF,CAF"
595,"484,470,496","CAF,CAF,CAF"
596,"484,472,457","CAF,CAF,CAF"
597,"484,472,490","CAF,CAF,CAF"
598,"484,490,472","CAF,CAF,CAF"
599,"484,490,497","CAF,CAF,CAF"
600,"484,496,470","CAF,CAF,CAF"
601,"484,497,490","CAF,CAF,CAF"
602,"484,497,502","CAF,CAF,CAF"
603,"484,502,497","CAF,CAF,CAF"
604,"486,455,481","CAF,CAF,CAF"
605,"486,481,455","CAF,CAF,CAF"
606,"486,481,562","CAF,CAF,CAF"
607,"486,562,481","CAF,CAF,CAF"
608,"490,431,454","CAF,CAF,CAF"
609,"490,454,431","CAF,CAF,CAF"
610,"490,454,481","CAF,CAF,CAF"
611,"490,472,484","CAF,CAF,CAF"
612,"490,481,454","CAF,CAF,CAF"
613,"490,484,472","CAF,CAF,CAF"
614,"490,484,497","CAF,CAF,CAF"
615,"490,497,484","CAF,CAF,CAF"
616,"491,115,480","CAF,CAF,CAF"
617,"491,480,115","CAF,CAF,CAF"
618,"494,518,553","CAF,CAF,CAF"
619,"494,529,553","CAF,CAF,CAF"
620,"494,553,518","CAF,CAF,CAF"
621,"494,553,529","CAF,CAF,CAF"
622,"495,504,546","CAF,CAF,CAF"
623,"495,546,504","CAF,CAF,CAF"
624,"496,115,470","CAF,CAF,CAF"
625,"496,115,503","CAF,CAF,CAF"
626,"496,470,115","CAF,CAF,CAF"
627,"496,470,484","CAF,CAF,CAF"
628,"496,484,470","CAF,CAF,CAF"
629,"496,503,115","CAF,CAF,CAF"
630,"497,484,490","CAF,CAF,CAF"
631,"497,484,502","CAF,CAF,CAF"
632,"497,490,484","CAF,CAF,CAF"
633,"497,502,484","CAF,CAF,CAF"
634,"502,484,497","CAF,CAF,CAF"
635,"502,497,484","CAF,CAF,CAF"
636,"502,520,533","CAF,CAF,CAF"
637,"502,530,533","CAF,CAF,CAF"
638,"502,533,520","CAF,CAF,CAF"
639,"502,533,530","CAF,CAF,CAF"
640,"503,115,496","CAF,CAF,CAF"
641,"503,115,513","CAF,CAF,CAF"
642,"503,496,115","CAF,CAF,CAF"
643,"503,513,115","CAF,CAF,CAF"
644,"504,495,546","CAF,CAF,CAF"
645,"504,514,516","CAF,CAF,CAF"
646,"504,514,546","CAF,CAF,CAF"
647,"504,516,514","CAF,CAF,CAF"
648,"504,546,495","CAF,CAF,CAF"
649,"504,546,514","CAF,CAF,CAF"
650,"513,115,503","CAF,CAF,CAF"
651,"513,503,115","CAF,CAF,CAF"
652,"514,504,516","CAF,CAF,CAF"
653,"514,504,546","CAF,CAF,CAF"
654,"514,516,504","CAF,CAF,CAF"
655,"514,516,543","CAF,CAF,CAF"
656,"514,543,516","CAF,CAF,CAF"
657,"514,543,546","CAF,CAF,CAF"
658,"514,546,504","CAF,CAF,CAF"
659,"514,546,543","CAF,CAF,CAF"
660,"516,504,514","CAF,CAF,CAF"
661,"516,514,504","CAF,CAF,CAF"
662,"516,514,543","CAF,CAF,CAF"
663,"516,523,543","CAF,CAF,CAF"
664,"516,543,514","CAF,CAF,CAF"
665,"516,543,523","CAF,CAF,CAF"
666,"518,494,553","CAF,CAF,CAF"
667,"518,525,541","CAF,CAF,CAF"
668,"518,541,525","CAF,CAF,CAF"
669,"518,541,553","CAF,CAF,CAF"
670,"518,553,494","CAF,CAF,CAF"
671,"518,553,541","CAF,CAF,CAF"
672,"520,502,533","CAF,CAF,CAF"
673,"520,531,535","CAF,CAF,CAF"
674,"520,533,502","CAF,CAF,CAF"
675,"520,533,535","CAF,CAF,CAF"
676,"520,535,531","CAF,CAF,CAF"
677,"520,535,533","CAF,CAF,CAF"
678,"523,516,543","CAF,CAF,CAF"
679,"523,543,516","CAF,CAF,CAF"
680,"523,543,548","CAF,CAF,CAF"
681,"523,548,543","CAF,CAF,CAF"
682,"525,518,541","CAF,CAF,CAF"
683,"525,541,518","CAF,CAF,CAF"
684,"529,494,553","CAF,CAF,CAF"
685,"529,553,494","CAF,CAF,CAF"
686,"530,502,533","CAF,CAF,CAF"
687,"530,533,502","CAF,CAF,CAF"
688,"531,520,535","CAF,CAF,CAF"
689,"531,535,520","CAF,CAF,CAF"
690,"533,502,520","CAF,CAF,CAF"
691,"533,502,530","CAF,CAF,CAF"
692,"533,520,502","CAF,CAF,CAF"
693,"533,520,535","CAF,CAF,CAF"
694,"533,530,502","CAF,CAF,CAF"
695,"533,535,520","CAF,CAF,CAF"
696,"535,520,531","CAF,CAF,CAF"
697,"535,520,533","CAF,CAF,CAF"
698,"535,531,520","CAF,CAF,CAF"
699,"535,533,520","CAF,CAF,CAF"
700,"541,518,525","CAF,CAF,CAF"
701,"541,518,553","CAF,CAF,CAF"
702,"541,525,518","CAF,CAF,CAF"
703,"541,553,518","CAF,CAF,CAF"
704,"543,514,516","CAF,CAF,CAF"
705,"543,514,546","CAF,CAF,CAF"
706,"543,516,514","CAF,CAF,CAF"
707,"543,516,523","CAF,CAF,CAF"
708,"543,523,516","CAF,CAF,CAF"
709,"543,523,548","CAF,CAF,CAF"
710,"543,546,514","CAF,CAF,CAF"
711,"543,546,550","CAF,CAF,CAF"
712,"543,548,523","CAF,CAF,CAF"
713,"543,548,550","CAF,CAF,CAF"
714,"543,550,546","CAF,CAF,CAF"
715,"543,550,548","CAF,CAF,CAF"
716,"546,495,504","CAF,CAF,CAF"
717,"546,504,495","CAF,CAF,CAF"
718,"546,504,514","CAF,CAF,CAF"
719,"546,514,504","CAF,CAF,CAF"
720,"546,514,543","CAF,CAF,CAF"
721,"546,543,514","CAF,CAF,CAF"
722,"546,543,550","CAF,CAF,CAF"
723,"546,550,543","CAF,CAF,CAF"
724,"546,550,574","CAF,CAF,CAF"
725,"546,574,550","CAF,CAF,CAF"
726,"548,523,543","CAF,CAF,CAF"
727,"548,543,523","CAF,CAF,CAF"
728,"548,543,550","CAF,CAF,CAF"
729,"548,550,543","CAF,CAF,CAF"
730,"548,550,574","CAF,CAF,CAF"
731,"548,574,550","CAF,CAF,CAF"
732,"550,543,546","CAF,CAF,CAF"
733,"550,543,548","CAF,CAF,CAF"
734,"550,546,543","CAF,CAF,CAF"
735,"550,546,574","CAF,CAF,CAF"
736,"550,548,543","CAF,CAF,CAF"
737,"550,548,574","CAF,CAF,CAF"
738,"550,574,546","CAF,CAF,CAF"
739,"550,574,548","CAF,CAF,CAF"
740,"553,494,518","CAF,CAF,CAF"
741,"553,494,529","CAF,CAF,CAF"
742,"553,518,494","CAF,CAF,CAF"
743,"553,518,541","CAF,CAF,CAF"
744,"553,529,494","CAF,CAF,CAF"
745,"553,541,518","CAF,CAF,CAF"
746,"559,481,562","CAF,CAF,CAF"
747,"559,562,481","CAF,CAF,CAF"
748,"561,570,573","CAF,CAF,CAF"
749,"561,570,579","CAF,CAF,CAF"
750,"561,573,570","CAF,CAF,CAF"
751,"561,573,579","CAF,CAF,CAF"
752,"561,579,570","CAF,CAF,CAF"
753,"561,579,573","CAF,CAF,CAF"
754,"562,481,486","CAF,CAF,CAF"
755,"562,481,559","CAF,CAF,CAF"
756,"562,486,481","CAF,CAF,CAF"
757,"562,559,481","CAF,CAF,CAF"
758,"563,576,582","CAF,CAF,CAF"
759,"563,582,576","CAF,CAF,CAF"
760,"570,561,573","CAF,CAF,CAF"
761,"570,561,579","CAF,CAF,CAF"
762,"570,573,561","CAF,CAF,CAF"
763,"570,573,579","CAF,CAF,CAF"
764,"570,579,561","CAF,CAF,CAF"
765,"570,579,573","CAF,CAF,CAF"
766,"573,561,570","CAF,CAF,CAF"
767,"573,561,579","CAF,CAF,CAF"
768,"573,570,561","CAF,CAF,CAF"
769,"573,570,579","CAF,CAF,CAF"
770,"573,574,579","CAF,CAF,CAF"
771,"573,579,561","CAF,CAF,CAF"
772,"573,579,570","CAF,CAF,CAF"
773,"573,579,574","CAF,CAF,CAF"
774,"574,546,550","CAF,CAF,CAF"
775,"574,548,550","CAF,CAF,CAF"
776,"574,550,546","CAF,CAF,CAF"
777,"574,550,548","CAF,CAF,CAF"
778,"574,573,579","CAF,CAF,CAF"
779,"574,579,573","CAF,CAF,CAF"
780,"574,579,582","CAF,CAF,CAF"
781,"574,582,579","CAF,CAF,CAF"
782,"576,563,582","CAF,CAF,CAF"
783,"576,582,563","CAF,CAF,CAF"
784,"579,561,570","CAF,CAF,CAF"
785,"579,561,573","CAF,CAF,CAF"
786,"579,570,561","CAF,CAF,CAF"
787,"579,570,573","CAF,CAF,CAF"
788,"579,573,561","CAF,CAF,CAF"
789,"579,573,570","CAF,CAF,CAF"
790,"579,573,574","CAF,CAF,CAF"
791,"579,574,573","CAF,CAF,CAF"
792,"579,574,582","CAF,CAF,CAF"
793,"579,582,574","CAF,CAF,CAF"
794,"582,563,576","CAF,CAF,CAF"
795,"582,574,579","CAF,CAF,CAF"
796,"582,576,563","CAF,CAF,CAF"
797,"582,579,574","CAF,CAF,CAF"
